{
  "generated_utc": "2026-06-21T20:01:19.965076+00:00",
  "test_weeks": 8,
  "aggregate": {
    "30m": {
      "base_rate": 0.362754,
      "pr_auc_b": 0.89237,
      "pr_auc_a": 0.867454,
      "lift": 1.028723,
      "ece_b": 0.008953,
      "ece_a": 0.043021,
      "brier_b": 0.099508,
      "brier_a": 0.113551
    },
    "1h": {
      "base_rate": 0.362754,
      "pr_auc_b": 0.89237,
      "pr_auc_a": 0.867454,
      "lift": 1.028723,
      "ece_b": 0.008953,
      "ece_a": 0.043021,
      "brier_b": 0.099508,
      "brier_a": 0.113551
    },
    "3h": {
      "base_rate": 0.450335,
      "pr_auc_b": 0.902744,
      "pr_auc_a": 0.889599,
      "lift": 1.014777,
      "ece_b": 0.023605,
      "ece_a": 0.110734,
      "brier_b": 0.119253,
      "brier_a": 0.146439
    },
    "6h": {
      "base_rate": 0.52815,
      "pr_auc_b": 0.912512,
      "pr_auc_a": 0.90945,
      "lift": 1.003367,
      "ece_b": 0.026455,
      "ece_a": 0.187371,
      "brier_b": 0.131527,
      "brier_a": 0.186085
    }
  },
  "per_oblast": {
    "cherkaska": {
      "30m": {
        "pr_auc_b": 0.371751,
        "base_rate": 0.21131,
        "mean_pred": 0.212098,
        "n_samples": 1344
      },
      "1h": {
        "pr_auc_b": 0.371751,
        "base_rate": 0.21131,
        "mean_pred": 0.212098,
        "n_samples": 1344
      },
      "3h": {
        "pr_auc_b": 0.46623,
        "base_rate": 0.357887,
        "mean_pred": 0.359354,
        "n_samples": 1344
      },
      "6h": {
        "pr_auc_b": 0.627475,
        "base_rate": 0.510417,
        "mean_pred": 0.476338,
        "n_samples": 1344
      }
    },
    "chernihivska": {
      "30m": {
        "pr_auc_b": 0.937181,
        "base_rate": 0.834821,
        "mean_pred": 0.806267,
        "n_samples": 1344
      },
      "1h": {
        "pr_auc_b": 0.937181,
        "base_rate": 0.834821,
        "mean_pred": 0.806267,
        "n_samples": 1344
      },
      "3h": {
        "pr_auc_b": 0.976982,
        "base_rate": 0.906994,
        "mean_pred": 0.911954,
        "n_samples": 1344
      },
      "6h": {
        "pr_auc_b": 0.992296,
        "base_rate": 0.94122,
        "mean_pred": 0.964388,
        "n_samples": 1344
      }
    },
    "chernivetska": {
      "30m": {
        "pr_auc_b": 0.089952,
        "base_rate": 0.037946,
        "mean_pred": 0.044873,
        "n_samples": 1344
      },
      "1h": {
        "pr_auc_b": 0.089952,
        "base_rate": 0.037946,
        "mean_pred": 0.044873,
        "n_samples": 1344
      },
      "3h": {
        "pr_auc_b": 0.124597,
        "base_rate": 0.070685,
        "mean_pred": 0.090896,
        "n_samples": 1344
      },
      "6h": {
        "pr_auc_b": 0.140898,
        "base_rate": 0.112351,
        "mean_pred": 0.173239,
        "n_samples": 1344
      }
    },
    "crimea": {},
    "dnipropetrovska": {
      "30m": {
        "pr_auc_b": 0.99744,
        "base_rate": 0.983631,
        "mean_pred": 0.992898,
        "n_samples": 1344
      },
      "1h": {
        "pr_auc_b": 0.99744,
        "base_rate": 0.983631,
        "mean_pred": 0.992898,
        "n_samples": 1344
      },
      "3h": {
        "pr_auc_b": 0.999242,
        "base_rate": 0.984375,
        "mean_pred": 0.997955,
        "n_samples": 1344
      },
      "6h": {
        "pr_auc_b": 0.996986,
        "base_rate": 0.984375,
        "mean_pred": 0.999042,
        "n_samples": 1344
      }
    },
    "donetska": {
      "30m": {
        "pr_auc_b": 0.992389,
        "base_rate": 0.967262,
        "mean_pred": 0.971967,
        "n_samples": 1344
      },
      "1h": {
        "pr_auc_b": 0.992389,
        "base_rate": 0.967262,
        "mean_pred": 0.971967,
        "n_samples": 1344
      },
      "3h": {
        "pr_auc_b": 0.9944,
        "base_rate": 0.979167,
        "mean_pred": 0.996576,
        "n_samples": 1344
      },
      "6h": {
        "pr_auc_b": 0.995967,
        "base_rate": 0.983631,
        "mean_pred": 0.997807,
        "n_samples": 1344
      }
    },
    "ivano-frankivska": {
      "30m": {
        "pr_auc_b": 0.03703,
        "base_rate": 0.02753,
        "mean_pred": 0.041086,
        "n_samples": 1344
      },
      "1h": {
        "pr_auc_b": 0.03703,
        "base_rate": 0.02753,
        "mean_pred": 0.041086,
        "n_samples": 1344
      },
      "3h": {
        "pr_auc_b": 0.057329,
        "base_rate": 0.052827,
        "mean_pred": 0.086704,
        "n_samples": 1344
      },
      "6h": {
        "pr_auc_b": 0.083058,
        "base_rate": 0.085565,
        "mean_pred": 0.15435,
        "n_samples": 1344
      }
    },
    "kharkivska": {
      "30m": {
        "pr_auc_b": 0.98225,
        "base_rate": 0.958333,
        "mean_pred": 0.954952,
        "n_samples": 1344
      },
      "1h": {
        "pr_auc_b": 0.98225,
        "base_rate": 0.958333,
        "mean_pred": 0.954952,
        "n_samples": 1344
      },
      "3h": {
        "pr_auc_b": 0.997254,
        "base_rate": 0.983631,
        "mean_pred": 0.990335,
        "n_samples": 1344
      },
      "6h": {
        "pr_auc_b": 0.997349,
        "base_rate": 0.984375,
        "mean_pred": 0.997066,
        "n_samples": 1344
      }
    },
    "khersonska": {
      "30m": {
        "pr_auc_b": 0.429746,
        "base_rate": 0.363095,
        "mean_pred": 0.370056,
        "n_samples": 1344
      },
      "1h": {
        "pr_auc_b": 0.429746,
        "base_rate": 0.363095,
        "mean_pred": 0.370056,
        "n_samples": 1344
      },
      "3h": {
        "pr_auc_b": 0.662894,
        "base_rate": 0.587054,
        "mean_pred": 0.555474,
        "n_samples": 1344
      },
      "6h": {
        "pr_auc_b": 0.82686,
        "base_rate": 0.758929,
        "mean_pred": 0.661067,
        "n_samples": 1344
      }
    },
    "khmelnytska": {
      "30m": {
        "pr_auc_b": 0.201173,
        "base_rate": 0.065476,
        "mean_pred": 0.064388,
        "n_samples": 1344
      },
      "1h": {
        "pr_auc_b": 0.201173,
        "base_rate": 0.065476,
        "mean_pred": 0.064388,
        "n_samples": 1344
      },
      "3h": {
        "pr_auc_b": 0.23277,
        "base_rate": 0.113095,
        "mean_pred": 0.123956,
        "n_samples": 1344
      },
      "6h": {
        "pr_auc_b": 0.250124,
        "base_rate": 0.176339,
        "mean_pred": 0.206336,
        "n_samples": 1344
      }
    },
    "kyivska": {
      "30m": {
        "pr_auc_b": 0.526822,
        "base_rate": 0.345238,
        "mean_pred": 0.322884,
        "n_samples": 1344
      },
      "1h": {
        "pr_auc_b": 0.526822,
        "base_rate": 0.345238,
        "mean_pred": 0.322884,
        "n_samples": 1344
      },
      "3h": {
        "pr_auc_b": 0.672309,
        "base_rate": 0.506696,
        "mean_pred": 0.50437,
        "n_samples": 1344
      },
      "6h": {
        "pr_auc_b": 0.819584,
        "base_rate": 0.643601,
        "mean_pred": 0.625114,
        "n_samples": 1344
      }
    },
    "kyiv-city": {
      "30m": {
        "pr_auc_b": 0.232395,
        "base_rate": 0.123512,
        "mean_pred": 0.128305,
        "n_samples": 1344
      },
      "1h": {
        "pr_auc_b": 0.232395,
        "base_rate": 0.123512,
        "mean_pred": 0.128305,
        "n_samples": 1344
      },
      "3h": {
        "pr_auc_b": 0.348021,
        "base_rate": 0.232887,
        "mean_pred": 0.23299,
        "n_samples": 1344
      },
      "6h": {
        "pr_auc_b": 0.450524,
        "base_rate": 0.354167,
        "mean_pred": 0.337902,
        "n_samples": 1344
      }
    },
    "kirovohradska": {
      "30m": {
        "pr_auc_b": 0.362536,
        "base_rate": 0.250744,
        "mean_pred": 0.24391,
        "n_samples": 1344
      },
      "1h": {
        "pr_auc_b": 0.362536,
        "base_rate": 0.250744,
        "mean_pred": 0.24391,
        "n_samples": 1344
      },
      "3h": {
        "pr_auc_b": 0.518432,
        "base_rate": 0.418155,
        "mean_pred": 0.427617,
        "n_samples": 1344
      },