{
  "generated_utc": "2026-06-21T13:56:11.014846+00:00",
  "test_weeks": 8,
  "aggregate": {
    "30m": {
      "base_rate": 0.313437,
      "pr_auc_b": 0.897416,
      "pr_auc_a": 0.852659,
      "lift": 1.052491,
      "ece_b": 0.01434,
      "ece_a": 0.021522,
      "brier_b": 0.082768,
      "brier_a": 0.097569
    },
    "1h": {
      "base_rate": 0.313437,
      "pr_auc_b": 0.897416,
      "pr_auc_a": 0.852659,
      "lift": 1.052491,
      "ece_b": 0.01434,
      "ece_a": 0.021522,
      "brier_b": 0.082768,
      "brier_a": 0.097569
    },
    "3h": {
      "base_rate": 0.389082,
      "pr_auc_b": 0.907823,
      "pr_auc_a": 0.876872,
      "lift": 1.035298,
      "ece_b": 0.026717,
      "ece_a": 0.080806,
      "brier_b": 0.100758,
      "brier_a": 0.125188
    },
    "6h": {
      "base_rate": 0.455936,
      "pr_auc_b": 0.914533,
      "pr_auc_a": 0.896834,
      "lift": 1.019734,
      "ece_b": 0.036301,
      "ece_a": 0.14766,
      "brier_b": 0.112695,
      "brier_a": 0.158829
    }
  },
  "per_oblast": {
    "cherkaska": {
      "30m": {
        "pr_auc_b": 0.412563,
        "base_rate": 0.197917,
        "mean_pred": 0.210904,
        "n_samples": 1344
      },
      "1h": {
        "pr_auc_b": 0.412563,
        "base_rate": 0.197917,
        "mean_pred": 0.210904,
        "n_samples": 1344
      },
      "3h": {
        "pr_auc_b": 0.554795,
        "base_rate": 0.339286,
        "mean_pred": 0.350097,
        "n_samples": 1344
      },
      "6h": {
        "pr_auc_b": 0.662101,
        "base_rate": 0.488839,
        "mean_pred": 0.481487,
        "n_samples": 1344
      }
    },
    "chernihivska": {
      "30m": {
        "pr_auc_b": 0.940789,
        "base_rate": 0.817708,
        "mean_pred": 0.807441,
        "n_samples": 1344
      },
      "1h": {
        "pr_auc_b": 0.940789,
        "base_rate": 0.817708,
        "mean_pred": 0.807441,
        "n_samples": 1344
      },
      "3h": {
        "pr_auc_b": 0.98328,
        "base_rate": 0.891369,
        "mean_pred": 0.90564,
        "n_samples": 1344
      },
      "6h": {
        "pr_auc_b": 0.992206,
        "base_rate": 0.925595,
        "mean_pred": 0.954506,
        "n_samples": 1344
      }
    },
    "chernivetska": {
      "30m": {
        "pr_auc_b": 0.171857,
        "base_rate": 0.034226,
        "mean_pred": 0.063601,
        "n_samples": 1344
      },
      "1h": {
        "pr_auc_b": 0.171857,
        "base_rate": 0.034226,
        "mean_pred": 0.063601,
        "n_samples": 1344
      },
      "3h": {
        "pr_auc_b": 0.218997,
        "base_rate": 0.063244,
        "mean_pred": 0.129279,
        "n_samples": 1344
      },
      "6h": {
        "pr_auc_b": 0.195638,
        "base_rate": 0.100446,
        "mean_pred": 0.206675,
        "n_samples": 1344
      }
    },
    "crimea": {
      "30m": {
        "pr_auc_b": 0.0,
        "base_rate": 0.0,
        "mean_pred": 0.0,
        "n_samples": 1344
      },
      "1h": {
        "pr_auc_b": 0.0,
        "base_rate": 0.0,
        "mean_pred": 0.0,
        "n_samples": 1344
      },
      "3h": {
        "pr_auc_b": 0.0,
        "base_rate": 0.0,
        "mean_pred": 0.0,
        "n_samples": 1344
      },
      "6h": {
        "pr_auc_b": 0.0,
        "base_rate": 0.0,
        "mean_pred": 0.0,
        "n_samples": 1344
      }
    },
    "dnipropetrovska": {
      "30m": {
        "pr_auc_b": 0.997336,
        "base_rate": 0.970238,
        "mean_pred": 0.982274,
        "n_samples": 1344
      },
      "1h": {
        "pr_auc_b": 0.997336,
        "base_rate": 0.970238,
        "mean_pred": 0.982274,
        "n_samples": 1344
      },
      "3h": {
        "pr_auc_b": 1.0,
        "base_rate": 0.97247,
        "mean_pred": 0.989232,
        "n_samples": 1344
      },
      "6h": {
        "pr_auc_b": 0.998469,
        "base_rate": 0.97247,
        "mean_pred": 0.993451,
        "n_samples": 1344
      }
    },
    "donetska": {
      "30m": {
        "pr_auc_b": 0.988301,
        "base_rate": 0.931548,
        "mean_pred": 0.937794,
        "n_samples": 1344
      },
      "1h": {
        "pr_auc_b": 0.988301,
        "base_rate": 0.931548,
        "mean_pred": 0.937794,
        "n_samples": 1344
      },
      "3h": {
        "pr_auc_b": 0.997739,
        "base_rate": 0.945685,
        "mean_pred": 0.970065,
        "n_samples": 1344
      },
      "6h": {
        "pr_auc_b": 0.998985,
        "base_rate": 0.950893,
        "mean_pred": 0.98082,
        "n_samples": 1344
      }
    },
    "ivano-frankivska": {
      "30m": {
        "pr_auc_b": 0.082777,
        "base_rate": 0.02381,
        "mean_pred": 0.054599,
        "n_samples": 1344
      },
      "1h": {
        "pr_auc_b": 0.082777,
        "base_rate": 0.02381,
        "mean_pred": 0.054599,
        "n_samples": 1344
      },
      "3h": {
        "pr_auc_b": 0.079968,
        "base_rate": 0.045387,
        "mean_pred": 0.117221,
        "n_samples": 1344
      },
      "6h": {
        "pr_auc_b": 0.085657,
        "base_rate": 0.073661,
        "mean_pred": 0.184574,
        "n_samples": 1344
      }
    },
    "kharkivska": {
      "30m": {
        "pr_auc_b": 0.982182,
        "base_rate": 0.943452,
        "mean_pred": 0.939107,
        "n_samples": 1344
      },
      "1h": {
        "pr_auc_b": 0.982182,
        "base_rate": 0.943452,
        "mean_pred": 0.939107,
        "n_samples": 1344
      },
      "3h": {
        "pr_auc_b": 0.998741,
        "base_rate": 0.970238,
        "mean_pred": 0.982192,
        "n_samples": 1344
      },
      "6h": {
        "pr_auc_b": 0.997137,
        "base_rate": 0.97247,
        "mean_pred": 0.993426,
        "n_samples": 1344
      }
    },
    "khersonska": {
      "30m": {
        "pr_auc_b": 0.481279,
        "base_rate": 0.35119,
        "mean_pred": 0.352226,
        "n_samples": 1344
      },
      "1h": {
        "pr_auc_b": 0.481279,
        "base_rate": 0.35119,
        "mean_pred": 0.352226,
        "n_samples": 1344
      },
      "3h": {
        "pr_auc_b": 0.701539,
        "base_rate": 0.571429,
        "mean_pred": 0.533289,
        "n_samples": 1344
      },
      "6h": {
        "pr_auc_b": 0.841482,
        "base_rate": 0.741071,
        "mean_pred": 0.69394,
        "n_samples": 1344
      }
    },
    "khmelnytska": {
      "30m": {
        "pr_auc_b": 0.257406,
        "base_rate": 0.061756,
        "mean_pred": 0.086729,
        "n_samples": 1344
      },
      "1h": {
        "pr_auc_b": 0.257406,
        "base_rate": 0.061756,
        "mean_pred": 0.086729,
        "n_samples": 1344
      },
      "3h": {
        "pr_auc_b": 0.261165,
        "base_rate": 0.105655,
        "mean_pred": 0.164312,
        "n_samples": 1344
      },
      "6h": {
        "pr_auc_b": 0.337282,
        "base_rate": 0.164435,
        "mean_pred": 0.248531,
        "n_samples": 1344
      }
    },
    "kyivska": {
      "30m": {
        "pr_auc_b": 0.548567,
        "base_rate": 0.335565,
        "mean_pred": 0.33329,
        "n_samples": 1344
      },
      "1h": {
        "pr_auc_b": 0.548567,
        "base_rate": 0.335565,
        "mean_pred": 0.33329,
        "n_samples": 1344
      },
      "3h": {
        "pr_auc_b": 0.72099,
        "base_rate": 0.49256,
        "mean_pred": 0.499881,
        "n_samples": 1344
      },
      "6h": {
        "pr_auc_b": 0.833405,
        "base_rate": 0.627232,
        "mean_pred": 0.646699,
        "n_samples": 1344
      }
    },
    "kyiv-city": {
      "30m": {
        "pr_auc_b": 0.275191,
        "base_rate": 0.11756,
        "mean_pred": 0.13734,
        "n_samples": 1344
      },
      "1h": {
        "pr_auc_b": 0.275191,
        "base_rate": 0.11756,
        "mean_pred": 0.13734,
        "n_samples": 1344
      },
      "3h": {
        "pr_auc_b": 0.386506,
        "base_rate": 0.22247,
        "mean_pred": 0.245303,
        "n_samples": 1344
      },
      "6h": {
        "pr_auc_b": 0.468996,
        "base_rate": 0.339286,