{
  "generated_utc": "2026-06-21T19:36:51.043296+00:00",
  "test_weeks": 8,
  "aggregate": {
    "30m": {
      "base_rate": 0.36294,
      "pr_auc_b": 0.892027,
      "pr_auc_a": 0.868298,
      "lift": 1.027328,
      "ece_b": 0.009172,
      "ece_a": 0.042716,
      "brier_b": 0.099514,
      "brier_a": 0.113335
    },
    "1h": {
      "base_rate": 0.36294,
      "pr_auc_b": 0.892027,
      "pr_auc_a": 0.868298,
      "lift": 1.027328,
      "ece_b": 0.009172,
      "ece_a": 0.042716,
      "brier_b": 0.099514,
      "brier_a": 0.113335
    },
    "3h": {
      "base_rate": 0.450552,
      "pr_auc_b": 0.901008,
      "pr_auc_a": 0.8904,
      "lift": 1.011914,
      "ece_b": 0.021904,
      "ece_a": 0.110962,
      "brier_b": 0.121141,
      "brier_a": 0.146347
    },
    "6h": {
      "base_rate": 0.528398,
      "pr_auc_b": 0.908515,
      "pr_auc_a": 0.9102,
      "lift": 0.998149,
      "ece_b": 0.029812,
      "ece_a": 0.18763,
      "brier_b": 0.134551,
      "brier_a": 0.186106
    }
  },
  "per_oblast": {
    "cherkaska": {
      "30m": {
        "pr_auc_b": 0.365787,
        "base_rate": 0.21131,
        "mean_pred": 0.208279,
        "n_samples": 1344
      },
      "1h": {
        "pr_auc_b": 0.365787,
        "base_rate": 0.21131,
        "mean_pred": 0.208279,
        "n_samples": 1344
      },
      "3h": {
        "pr_auc_b": 0.467735,
        "base_rate": 0.357887,
        "mean_pred": 0.348276,
        "n_samples": 1344
      },
      "6h": {
        "pr_auc_b": 0.628157,
        "base_rate": 0.510417,
        "mean_pred": 0.477427,
        "n_samples": 1344
      }
    },
    "chernihivska": {
      "30m": {
        "pr_auc_b": 0.939409,
        "base_rate": 0.835565,
        "mean_pred": 0.813857,
        "n_samples": 1344
      },
      "1h": {
        "pr_auc_b": 0.939409,
        "base_rate": 0.835565,
        "mean_pred": 0.813857,
        "n_samples": 1344
      },
      "3h": {
        "pr_auc_b": 0.98112,
        "base_rate": 0.907738,
        "mean_pred": 0.919085,
        "n_samples": 1344
      },
      "6h": {
        "pr_auc_b": 0.990677,
        "base_rate": 0.941964,
        "mean_pred": 0.967678,
        "n_samples": 1344
      }
    },
    "chernivetska": {
      "30m": {
        "pr_auc_b": 0.06927,
        "base_rate": 0.037946,
        "mean_pred": 0.047324,
        "n_samples": 1344
      },
      "1h": {
        "pr_auc_b": 0.06927,
        "base_rate": 0.037946,
        "mean_pred": 0.047324,
        "n_samples": 1344
      },
      "3h": {
        "pr_auc_b": 0.102329,
        "base_rate": 0.070685,
        "mean_pred": 0.091981,
        "n_samples": 1344
      },
      "6h": {
        "pr_auc_b": 0.112741,
        "base_rate": 0.112351,
        "mean_pred": 0.180958,
        "n_samples": 1344
      }
    },
    "crimea": {},
    "dnipropetrovska": {
      "30m": {
        "pr_auc_b": 0.997413,
        "base_rate": 0.984375,
        "mean_pred": 0.993088,
        "n_samples": 1344
      },
      "1h": {
        "pr_auc_b": 0.997413,
        "base_rate": 0.984375,
        "mean_pred": 0.993088,
        "n_samples": 1344
      },
      "3h": {
        "pr_auc_b": 0.999242,
        "base_rate": 0.985119,
        "mean_pred": 0.998092,
        "n_samples": 1344
      },
      "6h": {
        "pr_auc_b": 0.996981,
        "base_rate": 0.985119,
        "mean_pred": 0.999268,
        "n_samples": 1344
      }
    },
    "donetska": {
      "30m": {
        "pr_auc_b": 0.992944,
        "base_rate": 0.968006,
        "mean_pred": 0.970529,
        "n_samples": 1344
      },
      "1h": {
        "pr_auc_b": 0.992944,
        "base_rate": 0.968006,
        "mean_pred": 0.970529,
        "n_samples": 1344
      },
      "3h": {
        "pr_auc_b": 0.993021,
        "base_rate": 0.979911,
        "mean_pred": 0.995968,
        "n_samples": 1344
      },
      "6h": {
        "pr_auc_b": 0.995802,
        "base_rate": 0.984375,
        "mean_pred": 0.998211,
        "n_samples": 1344
      }
    },
    "ivano-frankivska": {
      "30m": {
        "pr_auc_b": 0.04142,
        "base_rate": 0.02753,
        "mean_pred": 0.041228,
        "n_samples": 1344
      },
      "1h": {
        "pr_auc_b": 0.04142,
        "base_rate": 0.02753,
        "mean_pred": 0.041228,
        "n_samples": 1344
      },
      "3h": {
        "pr_auc_b": 0.061509,
        "base_rate": 0.052827,
        "mean_pred": 0.090918,
        "n_samples": 1344
      },
      "6h": {
        "pr_auc_b": 0.069952,
        "base_rate": 0.085565,
        "mean_pred": 0.171932,
        "n_samples": 1344
      }
    },
    "kharkivska": {
      "30m": {
        "pr_auc_b": 0.982325,
        "base_rate": 0.959077,
        "mean_pred": 0.951826,
        "n_samples": 1344
      },
      "1h": {
        "pr_auc_b": 0.982325,
        "base_rate": 0.959077,
        "mean_pred": 0.951826,
        "n_samples": 1344
      },
      "3h": {
        "pr_auc_b": 0.998463,
        "base_rate": 0.984375,
        "mean_pred": 0.990309,
        "n_samples": 1344
      },
      "6h": {
        "pr_auc_b": 0.99717,
        "base_rate": 0.985119,
        "mean_pred": 0.99757,
        "n_samples": 1344
      }
    },
    "khersonska": {
      "30m": {
        "pr_auc_b": 0.424108,
        "base_rate": 0.363095,
        "mean_pred": 0.378114,
        "n_samples": 1344
      },
      "1h": {
        "pr_auc_b": 0.424108,
        "base_rate": 0.363095,
        "mean_pred": 0.378114,
        "n_samples": 1344
      },
      "3h": {
        "pr_auc_b": 0.644376,
        "base_rate": 0.587054,
        "mean_pred": 0.563492,
        "n_samples": 1344
      },
      "6h": {
        "pr_auc_b": 0.819112,
        "base_rate": 0.758929,
        "mean_pred": 0.676877,
        "n_samples": 1344
      }
    },
    "khmelnytska": {
      "30m": {
        "pr_auc_b": 0.208994,
        "base_rate": 0.065476,
        "mean_pred": 0.067652,
        "n_samples": 1344
      },
      "1h": {
        "pr_auc_b": 0.208994,
        "base_rate": 0.065476,
        "mean_pred": 0.067652,
        "n_samples": 1344
      },
      "3h": {
        "pr_auc_b": 0.225474,
        "base_rate": 0.113095,
        "mean_pred": 0.128168,
        "n_samples": 1344
      },
      "6h": {
        "pr_auc_b": 0.232388,
        "base_rate": 0.176339,
        "mean_pred": 0.206992,
        "n_samples": 1344
      }
    },
    "kyivska": {
      "30m": {
        "pr_auc_b": 0.535766,
        "base_rate": 0.345238,
        "mean_pred": 0.319688,
        "n_samples": 1344
      },
      "1h": {
        "pr_auc_b": 0.535766,
        "base_rate": 0.345238,
        "mean_pred": 0.319688,
        "n_samples": 1344
      },
      "3h": {
        "pr_auc_b": 0.657512,
        "base_rate": 0.506696,
        "mean_pred": 0.501856,
        "n_samples": 1344
      },
      "6h": {
        "pr_auc_b": 0.816527,
        "base_rate": 0.643601,
        "mean_pred": 0.629614,
        "n_samples": 1344
      }
    },
    "kyiv-city": {
      "30m": {
        "pr_auc_b": 0.227206,
        "base_rate": 0.123512,
        "mean_pred": 0.130901,
        "n_samples": 1344
      },
      "1h": {
        "pr_auc_b": 0.227206,
        "base_rate": 0.123512,
        "mean_pred": 0.130901,
        "n_samples": 1344
      },
      "3h": {
        "pr_auc_b": 0.335353,
        "base_rate": 0.232887,
        "mean_pred": 0.240437,
        "n_samples": 1344
      },
      "6h": {
        "pr_auc_b": 0.43603,
        "base_rate": 0.354167,
        "mean_pred": 0.337217,
        "n_samples": 1344
      }
    },
    "kirovohradska": {
      "30m": {
        "pr_auc_b": 0.384472,
        "base_rate": 0.250744,
        "mean_pred": 0.240937,
        "n_samples": 1344
      },
      "1h": {
        "pr_auc_b": 0.384472,
        "base_rate": 0.250744,
        "mean_pred": 0.240937,
        "n_samples": 1344
      },
      "3h": {
        "pr_auc_b": 0.510593,
        "base_rate": 0.418155,
        "mean_pred": 0.412744,
        "n_samples": 1344
      },